category,content
Natural Disasters,"As Hurricane Milton approaches Florida, residents are bracing for severe weather conditions that may affect communities across the state. Milton, now classified as a Category 3 storm, is expected to make landfall Wednesday and closely follows the destructive Hurricane Helene. Read more..."
Natural Disasters,Common sense would tell you Floridians concerned about Hurricane Milton would turn to the news and the Federal Emergency Management Agency (FEMA) to stay informed about the storm�s impact. But there�s a third source that many in the South are using that may come as a surprise. Read more...
Natural Disasters,Nvidia stock seems to be climbing back to its record high close from June. Read more...
Natural Disasters,"Disneyland is raising its prices again , implementing increases across the board and for its highest-demand days. Read more..."
Natural Disasters,"A highly effective class of weight loss drug has taken the world by storm, as medications like Ozempic , Wegovy , and Zepbound become household names. These drugs, originally meant to treat diabetes, have become widely known for their slimming side effects. Read more..."
Natural Disasters,"Tejas Dessai, director of research at Global X, spoke with Quartz for the latest installment of our �Smart Investing� video series. Read more..."
Natural Disasters,"Ozempic and prescription weight loss drugs: How they work, what they cost, side effects, and everything to know Read more..."
Natural Disasters,"Ozempic and prescription weight loss drugs: How they work, what they cost, side effects, and everything to know Read more..."
Natural Disasters,FEMA indicated Wednesday that it has less than 10% of its staff available for deployment amid preparations for the second major hurricane to hit the Southeast this month.
Natural Disasters,"Kamala Harris faced a scandal in 2010 when she served as San Francisco district attorney, which resulted in her office dismissing an estimated 1,000 drug cases and convictions."
Others,"As the Boeing ( BA ) machinist strike threatens to drag into its fourth week with no end in sight , it remains unclear where things go from here. The company is losing hundreds of millions of dollars in badly needed cash , but that hasn�t prompted it to strike a deal. Read more..."
Others,"Nvidia�s ( NVDA ) chips have been a driver of the current artificial intelligence boom � and the chipmaker only wants to make it move faster, chief executive Jensen Huang said. Read more..."
Others,Congresswoman Alexandria Ocasio-Cortez is hitting back at the slew of Democratic billionaires calling for a potential Kamala Harris Administration to fire the sitting chair of the Federal Trade Commission (FTC). Read more...
Others,"At General Motors ( GM )� investor day, the Detroit automaker made sure to tout its progress and enthusiasm for electric vehicles. But the company also made sure to remind investors that gasoline-powered cars are still a necessary part of its business. Read more..."
Others,Honda Motors recalled around two million vehicles in North America on Wednesday due to a steering bug that increases the risk of a crash. Read more...
Others,"A Turkish Airlines flight diverted to New York on Wednesday morning after the captain collapsed and died onboard. The carrier�s Airbus A350 was scheduled to fly from Seattle to Istanbul over and 11-hour flight, however the crew declared an emergency over the Canadian Arctic four hours into the flight and began its� Read more..."
Others,Mountain Dew ( PEP ) is �reclaiming the mountain� with a rebrand that nods to the past. Read more...
Others,"CVS ( CVS ) and UnitedHealth Group ( UNH ) on Tuesday demanded that Federal Trade Commission (FTC) Chair Lina Khan and two other commissioners recuse themselves from the agency�s lawsuit against the companies, accusing them of �blatant bias.� Read more..."
Others,Who created Bitcoin? Is it finally known? Perhaps not. Read more...
Others,"America�s Big Three are having a tough time in the pivot to electric vehicles. Ford has lost billions through its EV production, Stellantis has faced issues shifting its battery-powered models and General Motors previously announced a renewed interest in hybrids because EVs weren�t selling in the number it hoped. Now,� Read more..."
Positive/Uplifting,"Voters in Cobb County, Georgia, spoke with Fox News Digital about whether they would want to see another debate between former President Trump and Vice President Harris."
Positive/Uplifting,"Early voting began Tuesday in Ohio, where Fox News Digital spoke to the state&apos;s Republican Lt. Gov. Jon Husted about the GOP push to turn out the early vote."
Positive/Uplifting,"The Dow jumped more than 400 points on Wednesday after the release of minutes from the Fed�s Sept. 17-18 meeting showed how officials agreed to a half-point rate cut. Despite being divided on the economic outlook and uncertain about how aggressive to be, the Fed settled on a 50-basis-point reduction�the first in over� Read more..."
Positive/Uplifting,Amazon ( AMZN ) wants to give more customers access to same-day delivery for their prescriptions. Read more...
Positive/Uplifting,"Allowing Medicare to cover popular weight loss drugs such as Wegovy and Zepbound could increase federal spending by billions of dollars, according to a new report by the Congressional Budget Office (CBO). Read more..."
Positive/Uplifting,Boeing ( BA ) on Tuesday withdrew its latest offer to union machinists after negotiations broke down as their strike heads into its fourth week . Read more...
Positive/Uplifting,"Inflation has taken a bite out of more than just the economy � it�s also gnawing at America�s favorite meal: a burger, fries, and soda. Read more..."
Positive/Uplifting,"Tesla has big plans to release a company-saving robotaxi next week, leveraging the incredible advantage in autonomous technology that the company swears it has in order to prevent the whole house of cards from tumbling down . The Tesla faithful hoping to see a real life robotaxi might be disappointed, however: New� Read more..."
Positive/Uplifting,Uber ( UBER ) is looking to encourage users and drivers to opt for electric vehicles. Read more...
Positive/Uplifting,"Kamala Harris is facing a growing chorus of bipartisan pressure to undo Biden&apos;s LNG pause ahead of Election Day, or risk her chances in the must-win swing state of Pennsylvania."
Terrorism / protest / political unrest / riot,"As Costco Wholesale ( COST ) ventures further into e-commerce, it faces the daunting task of expanding its online presence without sacrificing the unique �treasure hunt� shopping experience that defines its warehouses. Read more..."
Terrorism / protest / political unrest / riot,Mortgage rates are once again trending upwards. Read more...
Terrorism / protest / political unrest / riot,"As Hurricane Milton barrels toward the Tampa Bay, Florida, area, budget carrier Allegiant Air ( ALGT ) is facing major disruptions on multiple fronts. Plane-tracking site FlightAware says the company has canceled 63% of its Wednesday flights and 43% of its Thursday ones � plus, the company�s troubled southwest Florida� Read more..."
Terrorism / protest / political unrest / riot,Fox News Digital spoke to AZ GOP congressional candidate Abe Hamadeh and GOP Chairwoman Gina Swoboda who warned that transnational gangs are coming across the border.
Terrorism / protest / political unrest / riot,"TOKYO � U.S. and Japanese diplomats agreed Tuesday to maximize pressure on North Korea to resolve tensions over its nuclear program, while citing the need to be prepared for the worst if diplomacy fails."
Terrorism / protest / political unrest / riot,"The war has had a devastating impact on South Sudanese communities, but much of it has remained out of the limelight of international media."
Terrorism / protest / political unrest / riot,Wars and recession in key Western markets have left India's diamond industry workers distraught and jobless.
Terrorism / protest / political unrest / riot,McDonald�s is stepping into the regulatory arena alongside the Federal Trade Commission (FTC) to challenge a suspected meat monopoly � an unexpected move that signals a shift in corporate responsibility. Read more...
Terrorism / protest / political unrest / riot,Three women said they were kicked off a Spirit Airlines flight for wearing crop tops. Read more...
Terrorism / protest / political unrest / riot,The Centers for Medicare and Medicaid Services (CMS) just shared a preliminary list of generic drugs it plans to make available to Medicare recipients for $2 in a pilot program. Read more...